attribute,group,n,withdrawal_rate,auc,flagged_share,recall,precision,calibration_gap
imd_quintile,most deprived,1710,0.20760233918128654,0.6777901356478353,0.12339181286549708,0.24225352112676057,0.4075829383886256,-0.004184275308210583
imd_quintile,2,1929,0.20165889061689996,0.6611699996661436,0.10938310005184033,0.20565552699228792,0.3791469194312796,-0.007682565906830363
imd_quintile,3,1834,0.18702290076335878,0.6788837984173262,0.11123227917121047,0.23615160349854228,0.39705882352941174,0.004374600680845886
imd_quintile,4,1743,0.168100975329891,0.667268447687419,0.08950086058519793,0.2150170648464164,0.40384615384615385,0.013302447946295454
imd_quintile,least deprived,1546,0.16752910737386806,0.6501486501486502,0.07115135834411385,0.16216216216216217,0.38181818181818183,0.006505208007700269
disability,N,8286,0.1781317885590152,0.6656762233921899,0.09147960415158098,0.19986449864498645,0.3891820580474934,0.0050358781995881174
disability,Y,841,0.2615933412604043,0.6673913043478261,0.18430439952437574,0.31363636363636366,0.44516129032258067,-0.026623983577424293
age_band,0-35,6247,0.18712982231471106,0.6720629522477578,0.10613094285256923,0.22412318220701455,0.3951734539969834,0.007743018375441113
age_band,35-55,2793,0.18259935553168635,0.6654114383379283,0.08700322234156821,0.19215686274509805,0.40329218106995884,-0.008917557100059398
gender,F,3837,0.17279124315871774,0.63350008221019,0.10972113630440448,0.19607843137254902,0.3087885985748218,0.013827527177966453
gender,M,5290,0.19527410207939508,0.6968687300752409,0.09300567107750472,0.2265246853823814,0.47560975609756095,-0.0063742353891652614
