k,model,train_n,test_n,base_rate,auc,auc_lo,auc_hi,pr_auc,brier,precision_top10,recall_top10
0,module rate,19434,10147,0.2777175519858086,0.5922486198454645,0.5808532429359878,0.6040897591133043,0.3319652112911613,0.19763535106618377,0.3960591133004926,0.1426543647977289
0,inactivity rule,19434,10147,0.2777175519858086,0.5944759586468331,0.581363438731539,0.6064797608059298,0.34681921928946585,,0.41970443349753694,0.15117104329311568
0,logistic,19434,10147,0.2777175519858086,0.6989219595952612,0.6872073593938642,0.7113287639798872,0.47660185778697306,0.1806633159108204,0.5832512315270936,0.2100780695528744
0,boosted trees,19434,10147,0.2777175519858086,0.6965711043589439,0.6844340195866745,0.7083637080132958,0.47115740590180655,0.181770869534578,0.5615763546798029,0.20227111426543648
14,module rate,18729,9247,0.1982264518222126,0.6076452431967301,0.5936058880372647,0.6213698891961791,0.25915313128970496,0.15621523302612006,0.34594594594594597,0.1745771958537916
14,inactivity rule,18729,9247,0.1982264518222126,0.560002044170868,0.5445201998260444,0.5752436559998553,0.22899461825437917,,0.267027027027027,0.1347517730496454
14,logistic,18729,9247,0.1982264518222126,0.6706862439074068,0.6558677910314114,0.6846761089275629,0.3395062859491501,0.1507255994989424,0.4172972972972973,0.21058374249863612
14,boosted trees,18729,9247,0.1982264518222126,0.6723671292615039,0.6585411299036819,0.6865948358737999,0.34562009041777997,0.1489028936687656,0.4151351351351351,0.20949263502454993
28,module rate,18314,9127,0.18582228552645996,0.6035334035389737,0.5878649927563524,0.6187144742538015,0.24154710329514228,0.14870314880549326,0.3253012048192771,0.17511792452830188
28,inactivity rule,18314,9127,0.18582228552645996,0.5717143315991398,0.557978330089863,0.5866702966969931,0.21659161065082203,,0.23001095290251916,0.12382075471698113
28,logistic,18314,9127,0.18582228552645996,0.6674813155242063,0.6522555717721117,0.6823154595748354,0.3147030212014087,0.14639886178335465,0.32420591456736036,0.17452830188679244
28,boosted trees,18314,9127,0.18582228552645996,0.6694487476608699,0.6544877716692863,0.6835408569882151,0.3346061918305697,0.14236552339249753,0.39868565169769987,0.21462264150943397
56,module rate,17637,8792,0.15468607825295724,0.595212277591338,0.5796330131001408,0.6099016198844994,0.1977239136816593,0.12908776656659762,0.26022727272727275,0.16838235294117648
56,inactivity rule,17637,8792,0.15468607825295724,0.6070938271702653,0.5904130536450226,0.6226547985461602,0.20381323647221294,,0.25227272727272726,0.16323529411764706
56,logistic,17637,8792,0.15468607825295724,0.6905758286899258,0.676140125780392,0.7059127274536046,0.2951031559800317,0.12257171833788884,0.3522727272727273,0.22794117647058823
56,boosted trees,17637,8792,0.15468607825295724,0.699290676644716,0.6842200046641082,0.7134085614615298,0.31263529573053594,0.12113272533452775,0.3568181818181818,0.23088235294117648
84,module rate,17151,8484,0.12388024516737388,0.6015635010534323,0.5835879318595608,0.6195862949686779,0.16176462714942647,0.10728160136443433,0.21319199057714958,0.17221693625118933
84,inactivity rule,17151,8484,0.12388024516737388,0.5854055826083774,0.5675606238439409,0.6031623446252521,0.1543584869304542,,0.18374558303886926,0.14843006660323502
84,logistic,17151,8484,0.12388024516737388,0.690397938680375,0.6750173224381283,0.7066297333824775,0.23828922917389,0.10376588880478324,0.2626619552414605,0.21217887725975262
84,boosted trees,17151,8484,0.12388024516737388,0.6989279299771903,0.6833002326564146,0.7145851609116586,0.2575781928271065,0.10240313135682705,0.2968197879858657,0.23977164605137963
