k,target,test_n,base_rate,auc,precision_top10
0,withdraw vs everyone else,10147,0.2777175519858086,0.6965711043589439,0.5615763546798029
0,withdraw vs pass (fails removed),8200,0.3436585365853659,0.7349295248283121,0.7292682926829268
0,not passing (withdraw or fail) vs pass,10147,0.46959692519956636,0.7169696664837866,0.8049261083743843
14,withdraw vs everyone else,9247,0.1982264518222126,0.6723671292615039,0.4151351351351351
14,withdraw vs pass (fails removed),7279,0.25182030498694874,0.7241661372411249,0.5755494505494505
14,not passing (withdraw or fail) vs pass,9247,0.4110522331566995,0.7265196027139001,0.7427027027027027
28,withdraw vs everyone else,9127,0.18582228552645996,0.6694487476608699,0.39868565169769987
28,withdraw vs pass (fails removed),7152,0.2371364653243848,0.7137938088758091,0.3407821229050279
28,not passing (withdraw or fail) vs pass,9127,0.4022132135422373,0.7254822213576969,0.52026286966046
56,withdraw vs everyone else,8792,0.15468607825295724,0.699290676644716,0.3568181818181818
56,withdraw vs pass (fails removed),6817,0.19950124688279303,0.767146959113497,0.5659824046920822
56,not passing (withdraw or fail) vs pass,8792,0.3793221110100091,0.7844188955549712,0.8352272727272727
84,withdraw vs everyone else,8484,0.12388024516737388,0.6989279299771903,0.2968197879858657
84,withdraw vs pass (fails removed),6508,0.16149354640442531,0.779315039282117,0.46543778801843316
84,not passing (withdraw or fail) vs pass,8484,0.3567892503536068,0.8100021436780054,0.889281507656066
